,area,perimeter,input_file,mask_file,eccentricity,major_axis_length,minor_axis_length,elliptical_fourier_transform
0,114969,1777.605122421383,20200227_08D_001_g08D.tif,result_segmentation\20200227_08D_001_g08D_finalMask.tif,0.8816922307705356,572.1658741680394,269.9621511943079,0.0
1,117318,1700.1492782986675,20200227_08D_002_g08D.tif,result_segmentation\20200227_08D_002_g08D_finalMask.tif,0.8742879981885956,567.3811565525938,275.41110099106623,0.0
2,113645,1730.8772003600252,20200227_08D_003_g08D.tif,result_segmentation\20200227_08D_003_g08D_finalMask.tif,0.8738647126857739,561.6341775801577,273.0492231500386,0.0
3,114787,1698.6345596729059,20200227_08D_004_g08D.tif,result_segmentation\20200227_08D_004_g08D_finalMask.tif,0.865619615660128,551.3120911590311,276.0431702681709,0.0
4,110480,1661.8061325481597,20200227_08D_005_g08D.tif,result_segmentation\20200227_08D_005_g08D_finalMask.tif,0.8682542231657353,543.6779854971093,269.72927535234567,0.0
5,110595,1654.6345596729059,20200227_08D_006_g08D.tif,result_segmentation\20200227_08D_006_g08D_finalMask.tif,0.8599810264780742,534.2364651129758,272.6347623893401,0.0
6,109038,1614.492424049175,20200227_08D_007_g08D.tif,result_segmentation\20200227_08D_007_g08D_finalMask.tif,0.8561300092700244,527.0305271064718,272.34855506545335,0.0
7,109302,1623.9066376115481,20200227_08D_008_g08D.tif,result_segmentation\20200227_08D_008_g08D_finalMask.tif,0.8577077655022514,529.8487436279017,272.4151187794057,0.0
8,111088,1582.8355697996826,20200227_08D_009_g08D.tif,result_segmentation\20200227_08D_009_g08D_finalMask.tif,0.852855472093007,537.4338409835523,280.6194956161603,0.0
9,107225,1550.0071426749364,20200227_08D_010_g08D.tif,result_segmentation\20200227_08D_010_g08D_finalMask.tif,0.8486079462939234,518.778982406009,274.4456306500742,0.0
10,104974,1542.5929291125633,20200227_08D_011_g08D.tif,result_segmentation\20200227_08D_011_g08D_finalMask.tif,0.8414292814061102,503.6514814002318,272.15676573889925,0.0
11,107604,1565.078210486802,20200227_08D_012_g08D.tif,result_segmentation\20200227_08D_012_g08D_finalMask.tif,0.8422485329507137,512.3026608564329,276.1769471500385,0.0
12,105108,1560.1492782986675,20200227_08D_013_g08D.tif,result_segmentation\20200227_08D_013_g08D_finalMask.tif,0.836352479518085,502.69435546533373,275.57305214404613,0.0
13,102149,1495.1787155501902,20200227_08D_014_g08D.tif,result_segmentation\20200227_08D_014_g08D_finalMask.tif,0.8455249891083195,504.05356424112483,269.132268683118,0.0
14,103819,1527.9066376115481,20200227_08D_015_g08D.tif,result_segmentation\20200227_08D_015_g08D_finalMask.tif,0.837647074971543,498.82764372274625,272.465566780694,0.0
15,105864,1528.492424049175,20200227_08D_016_g08D.tif,result_segmentation\20200227_08D_016_g08D_finalMask.tif,0.827053000690704,538.3574928659101,302.6236398679052,0.0
16,108652,1547.8061325481597,20200227_08D_017_g08D.tif,result_segmentation\20200227_08D_017_g08D_finalMask.tif,0.8159004855405685,489.1926149152139,282.847429353289,0.0
17,106755,1531.078210486802,20200227_08D_018_g08D.tif,result_segmentation\20200227_08D_018_g08D_finalMask.tif,0.8147787102174721,486.3816907242665,281.99051973537905,0.0
18,106538,1536.1492782986675,20200227_08D_019_g08D.tif,result_segmentation\20200227_08D_019_g08D_finalMask.tif,0.8193476981792197,490.0608629511926,280.95037949876956,0.0
19,104417,1517.5634918610403,20200227_08D_020_g08D.tif,result_segmentation\20200227_08D_020_g08D_finalMask.tif,0.8084346709402982,476.77657094630086,280.62397567258813,0.0
20,110909,1560.8772003600252,20200227_08D_021_g08D.tif,result_segmentation\20200227_08D_021_g08D_finalMask.tif,0.7992976251337414,492.6022872754232,296.02213265920545,0.0
21,109514,1516.8355697996826,20200227_08D_022_g08D.tif,result_segmentation\20200227_08D_022_g08D_finalMask.tif,0.7820941106030013,478.77062020559464,298.35085970776584,0.0
22,109659,1488.6934341759516,20200227_08D_023_g08D.tif,result_segmentation\20200227_08D_023_g08D_finalMask.tif,0.7912953152432571,480.07106356048524,293.5318443710171,0.0
23,107891,1479.8650070512053,20200227_08D_024_g08D.tif,result_segmentation\20200227_08D_024_g08D_finalMask.tif,0.8016174606515086,482.94181061253147,288.72063195379087,0.0
24,109815,1476.79393923934,20200227_08D_025_g08D.tif,result_segmentation\20200227_08D_025_g08D_finalMask.tif,0.7970079058657156,483.6758053619855,292.1251304350595,0.0
25,107234,1467.6223663640862,20200227_08D_026_g08D.tif,result_segmentation\20200227_08D_026_g08D_finalMask.tif,0.7935174577669802,477.5601522587804,290.618030660251,0.0
26,107934,1441.1370849898476,20200227_08D_027_g08D.tif,result_segmentation\20200227_08D_027_g08D_finalMask.tif,0.7733260164367489,466.9880218740059,296.0744099694636,0.0
27,109226,1446.3086578651014,20200227_08D_028_g08D.tif,result_segmentation\20200227_08D_028_g08D_finalMask.tif,0.7688052220440714,468.6188628560156,299.6738048015332,0.0
28,110424,1463.1370849898476,20200227_08D_029_g08D.tif,result_segmentation\20200227_08D_029_g08D_finalMask.tif,0.7680227139805508,470.49906066258916,301.3182332769482,0.0
29,107514,1429.7228714274745,20200227_08D_030_g08D.tif,result_segmentation\20200227_08D_030_g08D_finalMask.tif,0.7531839871726972,457.7484432973709,301.1114636006392,0.0
30,109181,1448.2081528017131,20200227_08D_031_g08D.tif,result_segmentation\20200227_08D_031_g08D_finalMask.tif,0.7463786751907898,458.41593016572256,305.08565962313025,0.0
31,111272,1457.0365799264594,20200227_08D_032_g08D.tif,result_segmentation\20200227_08D_032_g08D_finalMask.tif,0.7283724152081582,455.59170193075664,312.1629847121342,0.0
32,112027,1482.1076477383247,20200227_08D_033_g08D.tif,result_segmentation\20200227_08D_033_g08D_finalMask.tif,0.7294196015573029,457.30417048189145,312.8264862138859,0.0
33,110514,1455.2792206135784,20200227_08D_034_g08D.tif,result_segmentation\20200227_08D_034_g08D_finalMask.tif,0.7149086438882579,448.88547228555393,313.86874417989003,0.0
34,111090,1447.0365799264594,20200227_08D_035_g08D.tif,result_segmentation\20200227_08D_035_g08D_finalMask.tif,0.7135640856527471,449.8632623690987,315.1696861488704,0.0
35,111682,1468.9360748630709,20200227_08D_036_g08D.tif,result_segmentation\20200227_08D_036_g08D_finalMask.tif,0.7050692235807423,447.8664388963493,317.5993276616736,0.0
36,110079,1450.4507934888325,20200227_08D_037_g08D.tif,result_segmentation\20200227_08D_037_g08D_finalMask.tif,0.7110676592567875,446.9169279884821,314.23783520279153,0.0
37,112690,1457.6223663640862,20200227_08D_038_g08D.tif,result_segmentation\20200227_08D_038_g08D_finalMask.tif,0.7064279956018882,450.0895295786245,318.5665797939601,0.0
38,111634,1455.2792206135784,20200227_08D_039_g08D.tif,result_segmentation\20200227_08D_039_g08D_finalMask.tif,0.680714111237288,440.35775258700414,322.58370985604773,0.0
39,109110,1441.0365799264594,20200227_08D_040_g08D.tif,result_segmentation\20200227_08D_040_g08D_finalMask.tif,0.6705782432958973,432.39083683490344,320.76430373476245,0.0
40,111821,1460.6934341759516,20200227_08D_041_g08D.tif,result_segmentation\20200227_08D_041_g08D_finalMask.tif,0.680996127585742,441.87750029616126,323.58115625343004,0.0
41,111537,1445.0365799264594,20200227_08D_042_g08D.tif,result_segmentation\20200227_08D_042_g08D_finalMask.tif,0.663282621207421,435.88769631458035,326.20484063897635,0.0
42,114143,1450.2081528017131,20200227_08D_043_g08D.tif,result_segmentation\20200227_08D_043_g08D_finalMask.tif,0.6576434859483327,438.8515954914552,330.59976848353426,0.0
43,113810,1467.5218613006978,20200227_08D_044_g08D.tif,result_segmentation\20200227_08D_044_g08D_finalMask.tif,0.6641272113472076,440.827111407741,329.5709830522362,0.0
44,114595,1472.6934341759516,20200227_08D_045_g08D.tif,result_segmentation\20200227_08D_045_g08D_finalMask.tif,0.6546125531855455,439.5676905670281,332.2975926602427,0.0
45,113876,1484.0071426749364,20200227_08D_046_g08D.tif,result_segmentation\20200227_08D_046_g08D_finalMask.tif,0.6284762829466825,431.8631776655865,335.9155949459061,0.0
46,113093,1457.2792206135784,20200227_08D_047_g08D.tif,result_segmentation\20200227_08D_047_g08D_finalMask.tif,0.6227959686993818,429.07365361192115,335.7004869721732,0.0
47,113088,1462.1076477383247,20200227_08D_048_g08D.tif,result_segmentation\20200227_08D_048_g08D_finalMask.tif,0.6185419093559371,427.2268230959659,335.69424937923617,0.0
48,109675,1441.2792206135784,20200227_08D_049_g08D.tif,result_segmentation\20200227_08D_049_g08D_finalMask.tif,0.5991835636551349,417.12243167165855,333.9530894559751,0.0
49,113222,1445.8650070512053,20200227_08D_050_g08D.tif,result_segmentation\20200227_08D_050_g08D_finalMask.tif,0.612643462329465,427.55703773473675,337.92372567521613,0.0
50,113554,1477.1787155501902,20200227_08D_051_g08D.tif,result_segmentation\20200227_08D_051_g08D_finalMask.tif,0.6184423780088526,429.10895636852695,337.20675566784473,0.0
51,113788,1452.6934341759516,20200227_08D_052_g08D.tif,result_segmentation\20200227_08D_052_g08D_finalMask.tif,0.5955560183982972,424.6265277428576,341.1083410396171,0.0
52,114349,1470.9360748630709,20200227_08D_053_g08D.tif,result_segmentation\20200227_08D_053_g08D_finalMask.tif,0.5891913506538272,423.8540698193385,342.47134812216717,0.0
53,114711,1467.764501987817,20200227_08D_054_g08D.tif,result_segmentation\20200227_08D_054_g08D_finalMask.tif,0.5722947188824696,422.2362471152133,346.2539983246597,0.0
54,113913,1462.350288425444,20200227_08D_055_g08D.tif,result_segmentation\20200227_08D_055_g08D_finalMask.tif,0.5779616341866997,421.03558312498063,343.5919556172233,0.0
55,113270,1445.2792206135784,20200227_08D_056_g08D.tif,result_segmentation\20200227_08D_056_g08D_finalMask.tif,0.5550477891085539,414.88169103128365,345.1062496672016,0.0
56,112283,1465.4213562373095,20200227_08D_057_g08D.tif,result_segmentation\20200227_08D_057_g08D_finalMask.tif,0.556719236640942,414.0498234175622,343.95148776100956,0.0
57,114651,1478.0071426749364,20200227_08D_058_g08D.tif,result_segmentation\20200227_08D_058_g08D_finalMask.tif,0.5505843908965696,419.98287892054066,350.5931014171629,0.0
58,114320,1484.2497833620557,20200227_08D_059_g08D.tif,result_segmentation\20200227_08D_059_g08D_finalMask.tif,0.5622231647936863,419.64284284337987,347.0385705061023,0.0
